n_samples,MS_mean,MS_se,DP_mean,DP_se,MS_time_mean,MS_time_se,DP_time_mean,DP_time_se
700,0.004513602439029785,4.4141110680666546e-05,0.08137682278834263,0.009103417420566915,0.00986324781551957,1.860431592588471e-05,0.013490731187630445,5.050736166580952e-05
1000,0.011826903243663894,0.0001666298164614983,0.06472167513474872,0.007732725947457024,0.017762995860539376,3.537109303206461e-05,0.020234581059776248,3.927516105802876e-05
2000,0.003303050391592605,1.516763097976196e-05,0.020590236448593674,0.0024936082414839782,0.07069213958457113,0.00015119599939282681,0.05871220395201817,0.0024178751951371923
5000,0.0029229122231214824,1.6895521744933393e-05,0.006455346843239456,0.0004971231098462239,0.4766302437987179,0.0034154021332288387,0.2464000041014515,0.0025376582148599635
